First Name,Last Name,Birth Month (Number Please),Birthdate,Email
Sourish,Kundu,9,7,sourish@cs.wisc.edu
Zachary,Heintz,7,14,zheintz@wisc.edu
Matt ,Cooper ,8,1,mscooper@wisc.edu
Andy ,Chafe,7,9,achafe@wisc.edu
Michael,Tang,6,30,mstang2@wisc.edu
Uma,Parhar,12,5,parhar@wisc.edu